"country","year","match_type","n"
"CZ",2005,"Homogamous",1164
"CZ",2005,"Hypergamous",234
"CZ",2005,"Hypogamous",100
"CZ",2010,"Homogamous",2258
"CZ",2010,"Hypergamous",479
"CZ",2010,"Hypogamous",266
"CZ",2014,"Homogamous",1857
"CZ",2014,"Hypergamous",318
"CZ",2014,"Hypogamous",273
"CZ",2018,"Homogamous",1844
"CZ",2018,"Hypergamous",281
"CZ",2018,"Hypogamous",321
"CZ",2023,"Homogamous",1534
"CZ",2023,"Hypergamous",261
"CZ",2023,"Hypogamous",349
"ES",2010,"Homogamous",2286
"ES",2010,"Hypergamous",699
"ES",2010,"Hypogamous",1011
"ES",2014,"Homogamous",1850
"ES",2014,"Hypergamous",521
"ES",2014,"Hypogamous",886
"ES",2018,"Homogamous",2262
"ES",2018,"Hypergamous",576
"ES",2018,"Hypogamous",1070
"ES",2023,"Homogamous",4903
"ES",2023,"Hypergamous",1164
"ES",2023,"Hypogamous",2419
"SE",2005,"Homogamous",1539
"SE",2005,"Hypergamous",392
"SE",2005,"Hypogamous",783
"SE",2010,"Homogamous",1737
"SE",2010,"Hypergamous",392
"SE",2010,"Hypogamous",869
"SE",2014,"Homogamous",1319
"SE",2014,"Hypergamous",300
"SE",2014,"Hypogamous",651
"SE",2018,"Homogamous",1352
"SE",2018,"Hypergamous",263
"SE",2018,"Hypogamous",700
"SE",2023,"Homogamous",2142
"SE",2023,"Hypergamous",361
"SE",2023,"Hypogamous",1028
