"country","year","sex","n"
"CZ",2005,"Female",1763
"CZ",2005,"Male",1899
"CZ",2010,"Female",3539
"CZ",2010,"Male",3867
"CZ",2014,"Female",2923
"CZ",2014,"Male",3044
"CZ",2018,"Female",2944
"CZ",2018,"Male",3093
"CZ",2023,"Female",2549
"CZ",2023,"Male",2631
"ES",2010,"Female",4651
"ES",2010,"Male",6001
"ES",2014,"Female",3944
"ES",2014,"Male",4865
"ES",2018,"Female",4580
"ES",2018,"Male",5350
"ES",2023,"Female",9878
"ES",2023,"Male",10802
"SE",2005,"Female",3032
"SE",2005,"Male",3047
"SE",2010,"Female",3388
"SE",2010,"Male",3296
"SE",2014,"Female",2610
"SE",2014,"Male",2519
"SE",2018,"Female",2691
"SE",2018,"Male",2526
"SE",2023,"Female",4041
"SE",2023,"Male",3915
